{"gender": {"0": 0.7420382165605095, "1": 0.18890814558058924}, "class": {"1": 0.6296296296296297, "2": 0.47282608695652173, "3": 0.24236252545824846}, "age_group": {"Child": 0.547945205479452, "Teenager": 0.4166666666666667, "Adult": 0.35070140280561124, "Middle-Aged": 0.4088888888888889, "Senior": 0.22727272727272727}, "family_size": {"1": 0.30353817504655495, "2": 0.5527950310559007, "3": 0.5784313725490197, "4": 0.7241379310344828, "5": 0.2, "6": 0.13636363636363635, "7": 0.3333333333333333, "8": 0.0, "11": 0.0}}